Symbol,Security,SEC filings,GICS Sector,GICS Sub-Industry,Headquarters Location,Date first added,CIK,Founded
MMM,3M,reports,Industrials,Industrial Conglomerates,"Saint Paul, Minnesota",8/9/76,66740,1902
ABT,Abbott Laboratories,reports,Health Care,Health Care Equipment,"North Chicago, Illinois",3/31/64,1800,1888
ABBV,AbbVie,reports,Health Care,Pharmaceuticals,"North Chicago, Illinois",12/31/12,1551152,2013 (1888)
ABMD,Abiomed,reports,Health Care,Health Care Equipment,"Danvers, Massachusetts",5/31/18,815094,1981
ACN,Accenture,reports,Information Technology,IT Consulting & Other Services,"Dublin, Ireland",7/6/11,1467373,1989
ATVI,Activision Blizzard,reports,Communication Services,Interactive Home Entertainment,"Santa Monica, California",8/31/15,718877,2008
ADBE,Adobe,reports,Information Technology,Application Software,"San Jose, California",5/5/97,796343,1982
AMD,Advanced Micro Devices,reports,Information Technology,Semiconductors,"Santa Clara, California",,2488,1969
AAP,Advance Auto Parts,reports,Consumer Discretionary,Automotive Retail,"Raleigh, North Carolina",7/9/15,1158449,1932
AES,AES Corp,reports,Utilities,Independent Power Producers & Energy Traders,"Arlington, Virginia",10/2/98,874761,1981
AFL,Aflac,reports,Financials,Life & Health Insurance,"Columbus, Georgia",5/28/99,4977,1955
A,Agilent Technologies,reports,Health Care,Health Care Equipment,"Santa Clara, California",6/5/00,1090872,1999
APD,Air Products & Chemicals,reports,Materials,Industrial Gases,"Allentown, Pennsylvania",4/30/85,2969,1940
AKAM,Akamai Technologies,reports,Information Technology,Internet Services & Infrastructure,"Cambridge, Massachusetts",7/12/07,1086222,1998
ALK,Alaska Air Group,reports,Industrials,Airlines,"Seattle, Washington",5/13/16,766421,1985
ALB,Albemarle Corporation,reports,Materials,Specialty Chemicals,"Charlotte, North Carolina",7/1/16,915913,1994
ARE,Alexandria Real Estate Equities,reports,Real Estate,Office REITs,"Pasadena, California",3/20/17,1035443,1994
ALGN,Align Technology,reports,Health Care,Health Care Supplies,"San Jose, California",6/19/17,1097149,1997
ALLE,Allegion,reports,Industrials,Building Products,"New York City, New York",12/2/13,1579241,1908
LNT,Alliant Energy,reports,Utilities,Electric Utilities,"Madison, Wisconsin",7/1/16,352541,1917
ALL,Allstate Corp,reports,Financials,Property & Casualty Insurance,"Northfield Township, Illinois",7/13/95,899051,1931
GOOGL,Alphabet (Class A),reports,Communication Services,Interactive Media & Services,"Mountain View, California",4/3/14,1652044,1998
GOOG,Alphabet (Class C),reports,Communication Services,Interactive Media & Services,"Mountain View, California",4/3/06,1652044,1998
MO,Altria Group,reports,Consumer Staples,Tobacco,"Richmond, Virginia",3/4/57,764180,1985
AMZN,Amazon,reports,Consumer Discretionary,Internet & Direct Marketing Retail,"Seattle, Washington",11/18/05,1018724,1994
AMCR,Amcor,reports,Materials,Paper Packaging,"Zurich, Switzerland",6/7/19,1748790,2019 (1860)
AEE,Ameren Corp,reports,Utilities,Multi-Utilities,"St. Louis, Missouri",9/19/91,1002910,1902
AAL,American Airlines Group,reports,Industrials,Airlines,"Fort Worth, Texas",3/23/15,6201,1934
AEP,American Electric Power,reports,Utilities,Electric Utilities,"Columbus, Ohio",3/4/57,4904,1906
AXP,American Express,reports,Financials,Consumer Finance,"New York City, New York",6/30/76,4962,1850
AIG,American International Group,reports,Financials,Property & Casualty Insurance,"New York City, New York",3/31/80,5272,1919
AMT,American Tower,reports,Real Estate,Specialized REITs,"Boston, Massachusetts",11/19/07,1053507,1995
AWK,American Water Works,reports,Utilities,Water Utilities,"Camden, New Jersey",3/4/16,1410636,1886
AMP,Ameriprise Financial,reports,Financials,Asset Management & Custody Banks,"Minneapolis, Minnesota",10/3/05,820027,1894
ABC,AmerisourceBergen,reports,Health Care,Health Care Distributors,"Chesterbrook, Pennsylvania",8/30/01,1140859,1985
AME,Ametek,reports,Industrials,Electrical Components & Equipment,"Berwyn, Pennsylvania",9/23/13,1037868,1930
AMGN,Amgen,reports,Health Care,Biotechnology,"Thousand Oaks, California",1/2/92,318154,1980
APH,Amphenol,reports,Information Technology,Electronic Components,"Wallingford, Connecticut",9/30/08,820313,1932
ADI,Analog Devices,reports,Information Technology,Semiconductors,"Wilmington, Massachusetts",10/12/99,6281,1965
ANSS,Ansys,reports,Information Technology,Application Software,"Canonsburg, Pennsylvania",6/19/17,1013462,1969
ANTM,Anthem,reports,Health Care,Managed Health Care,"Indianapolis, Indiana",7/25/02,1156039,2014 (1946)
AON,Aon,reports,Financials,Insurance Brokers,"London, UK",4/23/96,315293,1982 (1919)
AOS,A. O. Smith,reports,Industrials,Building Products,"Milwaukee, Wisconsin",7/26/17,91142,1916
APA,APA Corporation,reports,Energy,Oil & Gas Exploration & Production,"Houston, Texas",7/28/97,6769,1954
AAPL,Apple,reports,Information Technology,"Technology Hardware, Storage & Peripherals","Cupertino, California",11/30/82,320193,1977
AMAT,Applied Materials,reports,Information Technology,Semiconductor Equipment,"Santa Clara, California",3/16/95,6951,1967
APTV,Aptiv,reports,Consumer Discretionary,Auto Parts & Equipment,"Dublin, Ireland",12/24/12,1521332,1994
ADM,ADM,reports,Consumer Staples,Agricultural Products,"Chicago, Illinois",7/29/81,7084,1902
ANET,Arista Networks,reports,Information Technology,Communications Equipment,"Santa Clara, California",8/28/18,1596532,2004
AJG,Arthur J. Gallagher & Co.,reports,Financials,Insurance Brokers,"Rolling Meadows, Illinois",5/31/16,354190,1927
AIZ,Assurant,reports,Financials,Multi-line Insurance,"New York City, New York",4/10/07,1267238,1892
T,AT&T,reports,Communication Services,Integrated Telecommunication Services,"Dallas, Texas",1983-11-30 (1957-03-04),732717,1983 (1885)
ATO,Atmos Energy,reports,Utilities,Gas Utilities,"Dallas, Texas",2/15/19,731802,1906
ADSK,Autodesk,reports,Information Technology,Application Software,"San Rafael, California",12/1/89,769397,1982
ADP,Automatic Data Processing,reports,Information Technology,Data Processing & Outsourced Services,"Roseland, New Jersey",3/31/81,8670,1949
AZO,AutoZone,reports,Consumer Discretionary,Specialty Stores,"Memphis, Tennessee",1/2/97,866787,1979
AVB,AvalonBay Communities,reports,Real Estate,Residential REITs,"Arlington, Virginia[3]",1/10/07,915912,1978
AVY,Avery Dennison,reports,Materials,Paper Packaging,"Glendale, California",12/31/87,8818,1990
BKR,Baker Hughes,reports,Energy,Oil & Gas Equipment & Services,"Houston, Texas",7/7/17,1701605,2017
BLL,Ball Corp,reports,Materials,Metal & Glass Containers,"Broomfield, Colorado",10/31/84,9389,1880
BAC,Bank of America,reports,Financials,Diversified Banks,"Charlotte, North Carolina",6/30/76,70858,1998 (1923 / 1874)
BBWI,Bath & Body Works,reports,Consumer Discretionary,Specialty Stores,"Columbus, Ohio",9/30/83,701985,1963
BAX,Baxter International,reports,Health Care,Health Care Equipment,"Deerfield, Illinois",9/30/72,10456,1931
BDX,Becton Dickinson,reports,Health Care,Health Care Equipment,"Franklin Lakes, New Jersey",9/30/72,10795,1897
BRK.B,Berkshire Hathaway,reports,Financials,Multi-Sector Holdings,"Omaha, Nebraska",2/16/10,1067983,1839
BBY,Best Buy,reports,Consumer Discretionary,Computer & Electronics Retail,"Richfield, Minnesota",6/29/99,764478,1966
BIO,Bio-Rad Laboratories,reports,Health Care,Life Sciences Tools & Services,"Hercules, California",6/22/20,12208,1952
TECH,Bio-Techne,reports,Health Care,Life Sciences Tools & Services,"Minneapolis, Minnesota",8/30/21,842023,1976
BIIB,Biogen,reports,Health Care,Biotechnology,"Cambridge, Massachusetts",11/13/03,875045,1978
BLK,BlackRock,reports,Financials,Asset Management & Custody Banks,"New York City, New York",4/4/11,1364742,1988
BK,BNY Mellon,reports,Financials,Asset Management & Custody Banks,"New York City, New York",3/31/95,1390777,1784
BA,Boeing,reports,Industrials,Aerospace & Defense,"Chicago, Illinois",3/4/57,12927,1916
BKNG,Booking Holdings,reports,Consumer Discretionary,Internet & Direct Marketing Retail,"Norwalk, Connecticut",11/6/09,1075531,1996
BWA,BorgWarner,reports,Consumer Discretionary,Auto Parts & Equipment,"Auburn Hills, Michigan",12/19/11,908255,1880
BXP,Boston Properties,reports,Real Estate,Office REITs,"Boston, Massachusetts",4/3/06,1037540,1970
BSX,Boston Scientific,reports,Health Care,Health Care Equipment,"Marlborough, Massachusetts[4]",2/24/95,885725,1979
BMY,Bristol Myers Squibb,reports,Health Care,Health Care Distributors,"New York City, New York",3/4/57,14272,1989
AVGO,Broadcom,reports,Information Technology,Semiconductors,"San Jose, California",5/8/14,1730168,1961
BR,Broadridge Financial Solutions,reports,Information Technology,Data Processing & Outsourced Services,"Lake Success, New York",6/18/18,1383312,1962
BRO,Brown & Brown,reports,Financials,Insurance Brokers,"Daytona Beach, Florida",9/20/21,79282,1939
BF.B,Brown–Forman,reports,Consumer Staples,Distillers & Vintners,"Louisville, Kentucky",10/31/82,14693,1870
CHRW,C. H. Robinson,reports,Industrials,Air Freight & Logistics,"Eden Prairie, Minnesota",3/2/07,1043277,1905
CDNS,Cadence Design Systems,reports,Information Technology,Application Software,"San Jose, California",9/18/17,813672,1988
CZR,Caesars Entertainment,reports,Consumer Discretionary,Casinos & Gaming,"Reno, Nevada",3/22/21,1590895,1973
CPB,Campbell Soup,reports,Consumer Staples,Packaged Foods & Meats,"Camden, New Jersey",3/4/57,16732,1869
COF,Capital One,reports,Financials,Consumer Finance,"Tysons Corner, Virginia",7/1/98,927628,1994
CAH,Cardinal Health,reports,Health Care,Health Care Distributors,"Dublin, Ohio",5/27/97,721371,1971
KMX,CarMax,reports,Consumer Discretionary,Specialty Stores,"Richmond, Virginia",6/28/10,1170010,1993
CCL,Carnival Corporation,reports,Consumer Discretionary,"Hotels, Resorts & Cruise Lines","Miami, Florida",12/22/98,815097,1972
CARR,Carrier Global,reports,Industrials,Building Products,"Palm Beach Gardens, Florida",4/3/20,1783180,2020 (1915)
CTLT,Catalent,reports,Health Care,Pharmaceuticals,"Somerset, New Jersey",9/21/20,1596783,2007
CAT,Caterpillar,reports,Industrials,Construction Machinery & Heavy Trucks,"Deerfield, Illinois",3/4/57,18230,1925
CBOE,Cboe Global Markets,reports,Financials,Financial Exchanges & Data,"Chicago, Illinois",3/1/17,1374310,1973
CBRE,CBRE,reports,Real Estate,Real Estate Services,"Dallas, Texas",11/10/06,1138118,1906
CDW,CDW,reports,Information Technology,Technology Distributors,"Lincolnshire, Illinois",9/23/19,1402057,1984
CE,Celanese,reports,Materials,Specialty Chemicals,"Irving, Texas",12/24/18,1306830,1918
CNC,Centene,reports,Health Care,Managed Health Care,"St. Louis, Missouri",3/30/16,1071739,1984
CNP,CenterPoint Energy,reports,Utilities,Multi-Utilities,"Houston, Texas",7/31/85,1130310,1882
CDAY,Ceridian,reports,Information Technology,Application Software,"Minneapolis, Minnesota",9/20/21,1725057,1992
CERN,Cerner,reports,Health Care,Health Care Technology,"North Kansas City, Missouri",4/30/10,804753,1979
CF,CF Industries,reports,Materials,Fertilizers & Agricultural Chemicals,"Deerfield, Illinois",8/27/08,1324404,1946
CRL,Charles River Laboratories,reports,Health Care,Life Sciences Tools & Services,"Wilmington, Massachusetts",5/14/21,1100682,1947
SCHW,Charles Schwab,reports,Financials,Investment Banking & Brokerage,"Westlake, Texas",6/2/97,316709,1971
CHTR,Charter Communications,reports,Communication Services,Cable & Satellite,"Stamford, Connecticut",9/8/16,1091667,1993
CVX,Chevron,reports,Energy,Integrated Oil & Gas,"San Ramon, California",3/4/57,93410,1879
CMG,Chipotle Mexican Grill,reports,Consumer Discretionary,Restaurants,"Newport Beach, California",4/28/11,1058090,1993
CB,Chubb,reports,Financials,Property & Casualty Insurance,"Zurich, Switzerland",7/15/10,896159,1985
CHD,Church & Dwight,reports,Consumer Staples,Household Products,"Ewing, New Jersey",12/29/15,313927,1847
CI,Cigna,reports,Health Care,Managed Health Care,"Bloomfield, Connecticut",6/30/76,1739940,1982
CINF,Cincinnati Financial,reports,Financials,Property & Casualty Insurance,"Fairfield, Ohio",12/18/97,20286,1950
CTAS,Cintas Corporation,reports,Industrials,Diversified Support Services,"Mason, Ohio",3/1/01,723254,1929
CSCO,Cisco Systems,reports,Information Technology,Communications Equipment,"San Jose, California",12/1/93,858877,1984
C,Citigroup,reports,Financials,Diversified Banks,"New York City, New York",5/31/88,831001,1998
CFG,Citizens Financial Group,reports,Financials,Regional Banks,"Providence, Rhode Island",1/29/16,759944,1828
CTXS,Citrix Systems,reports,Information Technology,Application Software,"Fort Lauderdale, Florida",12/1/99,877890,1989
CLX,Clorox,reports,Consumer Staples,Household Products,"Oakland, California",3/31/69,21076,1913
CME,CME Group,reports,Financials,Financial Exchanges & Data,"Chicago, Illinois",8/11/06,1156375,1848
CMS,CMS Energy,reports,Utilities,Multi-Utilities,"Jackson, Michigan",5/3/99,811156,1886
KO,Coca-Cola,reports,Consumer Staples,Soft Drinks,"Atlanta, Georgia",3/4/57,21344,1886
CTSH,Cognizant Technology Solutions,reports,Information Technology,IT Consulting & Other Services,"Teaneck, New Jersey",11/17/06,1058290,1994
CL,Colgate-Palmolive,reports,Consumer Staples,Household Products,"New York City, New York",3/4/57,21665,1806
CMCSA,Comcast,reports,Communication Services,Cable & Satellite,"Philadelphia, Pennsylvania",11/19/02,1166691,1963
CMA,Comerica,reports,Financials,Diversified Banks,"Dallas, Texas",12/1/95,28412,1849
CAG,Conagra Brands,reports,Consumer Staples,Packaged Foods & Meats,"Chicago, Illinois",8/31/83,23217,1919
COP,ConocoPhillips,reports,Energy,Oil & Gas Exploration & Production,"Houston, Texas",3/4/57,1163165,2002
ED,Consolidated Edison,reports,Utilities,Electric Utilities,"New York City, New York",,1047862,1823
STZ,Constellation Brands,reports,Consumer Staples,Distillers & Vintners,"Victor, New York",7/1/05,16918,1945
COO,The Cooper Companies,reports,Health Care,Health Care Supplies,"San Ramon, California",9/23/16,711404,1958
CPRT,Copart,reports,Industrials,Diversified Support Services,"Dallas, Texas",7/2/18,900075,1982
GLW,Corning,reports,Information Technology,Electronic Components,"Corning, New York",,24741,1851
CTVA,Corteva,reports,Materials,Fertilizers & Agricultural Chemicals,"Wilmington, Delaware",6/3/19,1755672,2019
COST,Costco,reports,Consumer Staples,Hypermarkets & Super Centers,"Issaquah, Washington",10/1/93,909832,1976
CTRA,Coterra,reports,Energy,Oil & Gas Exploration & Production,"Houston, Texas",6/23/08,858470,2021 (1989)
CCI,Crown Castle,reports,Real Estate,Specialized REITs,"Houston, Texas",3/14/12,1051470,1994
CSX,CSX,reports,Industrials,Railroads,"Jacksonville, Florida",9/30/67,277948,1980
CMI,Cummins,reports,Industrials,Industrial Machinery,"Columbus, Indiana",3/31/65,26172,1919
CVS,CVS Health,reports,Health Care,Health Care Services,"Woonsocket, Rhode Island",3/4/57,64803,1996
DHI,D. R. Horton,reports,Consumer Discretionary,Homebuilding,"Arlington, Texas",6/22/05,882184,1978
DHR,Danaher,reports,Health Care,Health Care Equipment,"Washington, D.C.",,313616,1969
DRI,Darden Restaurants,reports,Consumer Discretionary,Restaurants,"Orlando, Florida",,940944,1938
DVA,DaVita,reports,Health Care,Health Care Facilities,"Denver, Colorado",7/31/08,927066,1979
DE,Deere & Co.,reports,Industrials,Agricultural & Farm Machinery,"Moline, Illinois",3/4/57,315189,1837
DAL,Delta Air Lines,reports,Industrials,Airlines,"Atlanta, Georgia",9/11/13,27904,1929
XRAY,Dentsply Sirona,reports,Health Care,Health Care Supplies,"Charlotte, North Carolina",11/14/08,818479,2016 (1969)
DVN,Devon Energy,reports,Energy,Oil & Gas Exploration & Production,"Oklahoma City, Oklahoma",8/30/00,1090012,1971
DXCM,DexCom,reports,Health Care,Health Care Equipment,"San Diego, California",5/12/20,1093557,1999
FANG,Diamondback Energy,reports,Energy,Oil & Gas Exploration & Production,"Midland, Texas",12/3/18,1539838,2007
DLR,Digital Realty Trust,reports,Real Estate,Specialized REITs,"Austin, Texas",5/18/16,1297996,2004
DFS,Discover Financial Services,reports,Financials,Consumer Finance,"Riverwoods, Illinois",7/2/07,1393612,1985
DISCA,Discovery (Series A),reports,Communication Services,Broadcasting,"New York City, New York",3/1/10,1437107,1985
DISCK,Discovery (Series C),reports,Communication Services,Broadcasting,"New York City, New York",8/7/14,1437107,1985
DISH,Dish Network,reports,Communication Services,Cable & Satellite,"Meridian, Colorado",3/13/17,1001082,1980
DG,Dollar General,reports,Consumer Discretionary,General Merchandise Stores,"Goodlettsville, Tennessee",12/3/12,29534,1939
DLTR,Dollar Tree,reports,Consumer Discretionary,General Merchandise Stores,"Chesapeake, Virginia",12/19/11,935703,1986
D,Dominion Energy,reports,Utilities,Electric Utilities,"Richmond, Virginia",,715957,1983
DPZ,Domino's Pizza,reports,Consumer Discretionary,Restaurants,"Ann Arbor, Michigan",5/12/20,1286681,1960
DOV,Dover Corporation,reports,Industrials,Industrial Machinery,"Downers Grove, Illinois",10/31/85,29905,1955
DOW,Dow,reports,Materials,Commodity Chemicals,"Midland, Michigan",4/1/19,1751788,2019
DTE,DTE Energy,reports,Utilities,Multi-Utilities,"Detroit, Michigan",3/4/57,936340,1995
DUK,Duke Energy,reports,Utilities,Electric Utilities,"Charlotte, North Carolina",6/30/76,1326160,1904
DRE,Duke Realty Corp,reports,Real Estate,Industrial REITs,"Indianapolis, Indiana",7/26/17,783280,1972
DD,DuPont,reports,Materials,Specialty Chemicals,"Wilmington, Delaware",4/2/19,1666700,2017
DXC,DXC Technology,reports,Information Technology,IT Consulting & Other Services,"Tysons Corner, Virginia",4/4/17,1688568,2017
EMN,Eastman Chemical,reports,Materials,Diversified Chemicals,"Kingsport, Tennessee",1/1/94,915389,1920
ETN,Eaton Corporation,reports,Industrials,Electrical Components & Equipment,"Dublin, Ireland",,1551182,1911
EBAY,eBay,reports,Consumer Discretionary,Internet & Direct Marketing Retail,"San Jose, California",7/22/02,1065088,1995
ECL,Ecolab,reports,Materials,Specialty Chemicals,"Saint Paul, Minnesota",1/31/89,31462,1923
EIX,Edison International,reports,Utilities,Electric Utilities,"Rosemead, California",3/4/57,827052,1886
EW,Edwards Lifesciences,reports,Health Care,Health Care Equipment,"Irvine, California",4/1/11,1099800,1958
EA,Electronic Arts,reports,Communication Services,Interactive Home Entertainment,"Redwood City, California",7/22/02,712515,1982
EMR,Emerson Electric,reports,Industrials,Electrical Components & Equipment,"Ferguson, Missouri",3/31/65,32604,1890
ENPH,Enphase Energy,reports,Information Technology,Electronic Components,"Fremont, California",1/7/21,1463101,2006
ETR,Entergy,reports,Utilities,Electric Utilities,"New Orleans, Louisiana",3/4/57,65984,1913
EOG,EOG Resources,reports,Energy,Oil & Gas Exploration & Production,"Houston, Texas",11/2/00,821189,1999
EFX,Equifax,reports,Industrials,Research & Consulting Services,"Atlanta, Georgia",6/19/97,33185,1899
EQIX,Equinix,reports,Real Estate,Specialized REITs,"Redwood City, California",3/20/15,1101239,1998
EQR,Equity Residential,reports,Real Estate,Residential REITs,"Chicago, Illinois",12/3/01,906107,1969
ESS,Essex Property Trust,reports,Real Estate,Residential REITs,"San Mateo, California",4/2/14,920522,1971
EL,Estée Lauder Companies,reports,Consumer Staples,Personal Products,"New York City, New York",1/5/06,1001250,1946
ETSY,Etsy,reports,Consumer Discretionary,Internet & Direct Marketing Retail,"New York City, New York",9/21/20,1370637,2005
EVRG,Evergy,reports,Utilities,Electric Utilities,"Kansas City, Missouri",6/5/18,1711269,1909
ES,Eversource Energy,reports,Utilities,Multi-Utilities,"Hartford, Connecticut",,72741,1966
RE,Everest Re,reports,Financials,Reinsurance,"Hamilton, Bermuda",6/19/17,1095073,1973
EXC,Exelon,reports,Utilities,Multi-Utilities,"Chicago, Illinois",3/4/57,1109357,2000
EXPE,Expedia Group,reports,Consumer Discretionary,Internet & Direct Marketing Retail,"Seattle, Washington",10/2/07,1324424,1996
EXPD,Expeditors,reports,Industrials,Air Freight & Logistics,"Seattle, Washington",10/10/07,746515,1979
EXR,Extra Space Storage,reports,Real Estate,Specialized REITs,"Salt Lake City, Utah",1/19/16,1289490,1977
XOM,ExxonMobil,reports,Energy,Integrated Oil & Gas,"Irving, Texas",3/4/57,34088,1999
FFIV,F5,reports,Information Technology,Communications Equipment,"Seattle, Washington",12/20/10,1048695,1996
FAST,Fastenal,reports,Industrials,Building Products,"Winona, Minnesota",9/15/08,815556,1967
FRT,Federal Realty Investment Trust,reports,Real Estate,Retail REITs,"Rockville, Maryland",2/1/16,34903,1962
FDX,FedEx,reports,Industrials,Air Freight & Logistics,"Memphis, Tennessee",12/31/80,1048911,1971
FIS,Fidelity National Information Services,reports,Information Technology,Data Processing & Outsourced Services,"Jacksonville, Florida",11/10/06,1136893,1968
FITB,Fifth Third Bancorp,reports,Financials,Regional Banks,"Cincinnati, Ohio",,35527,1858
FE,FirstEnergy,reports,Utilities,Electric Utilities,"Akron, Ohio",,1031296,1997
FRC,First Republic Bank,reports,Financials,Regional Banks,"San Francisco, California",1/2/19,1132979,1985
FISV,Fiserv,reports,Information Technology,Data Processing & Outsourced Services,"Brookfield, Wisconsin",4/2/01,798354,1984
FLT,Fleetcor,reports,Information Technology,Data Processing & Outsourced Services,"Norcross, Georgia",6/20/18,1175454,2000
FMC,FMC Corporation,reports,Materials,Fertilizers & Agricultural Chemicals,"Philadelphia, Pennsylvania",8/19/09,37785,1883
F,Ford,reports,Consumer Discretionary,Automobile Manufacturers,"Dearborn, Michigan",3/4/57,37996,1903
FTNT,Fortinet,reports,Information Technology,Systems Software,"Sunnyvale, California",10/11/18,1262039,2000
FTV,Fortive,reports,Industrials,Industrial Machinery,"Everett, Washington",7/1/16,1659166,2016
FBHS,Fortune Brands Home & Security,reports,Industrials,Building Products,"Deerfield, Illinois",6/22/16,1519751,2011 (1969)
FOXA,Fox Corporation (Class A),reports,Communication Services,Movies & Entertainment,"New York City, New York",7/1/13,1754301,2019
FOX,Fox Corporation (Class B),reports,Communication Services,Movies & Entertainment,"New York City, New York",9/18/15,1754301,2019
BEN,Franklin Resources,reports,Financials,Asset Management & Custody Banks,"San Mateo, California",,38777,1947
FCX,Freeport-McMoRan,reports,Materials,Copper,"Phoenix, Arizona",,831259,1912
GPS,Gap,reports,Consumer Discretionary,Apparel Retail,"San Francisco, California",8/31/86,39911,1969
GRMN,Garmin,reports,Consumer Discretionary,Consumer Electronics,"Schaffhausen, Switzerland",12/12/12,1121788,1989
IT,Gartner,reports,Information Technology,IT Consulting & Other Services,"Stamford, Connecticut",4/5/17,749251,1979
GNRC,Generac Holdings,reports,Industrials,Electrical Components & Equipment,"Waukesha, Wisconsin",3/22/21,1474735,1959
GD,General Dynamics,reports,Industrials,Aerospace & Defense,"Falls Church, Virginia",3/4/57,40533,1899
GE,General Electric,reports,Industrials,Industrial Conglomerates,"Boston, Massachusetts",,40545,1892
GIS,General Mills,reports,Consumer Staples,Packaged Foods & Meats,"Golden Valley, Minnesota",3/31/69,40704,1856
GM,General Motors,reports,Consumer Discretionary,Automobile Manufacturers,"Detroit, Michigan",6/6/13,1467858,1908
GPC,Genuine Parts,reports,Consumer Discretionary,Specialty Stores,"Atlanta, Georgia",12/31/73,40987,1925
GILD,Gilead Sciences,reports,Health Care,Biotechnology,"Foster City, California",7/1/04,882095,1987
GL,Globe Life,reports,Financials,Life & Health Insurance,"McKinney, Texas",4/30/89,320335,1900
GPN,Global Payments,reports,Information Technology,Data Processing & Outsourced Services,"Atlanta, Georgia",4/25/16,1123360,2000
GS,Goldman Sachs,reports,Financials,Investment Banking & Brokerage,"New York City, New York",7/22/02,886982,1869
GWW,W. W. Grainger,reports,Industrials,Industrial Machinery,"Lake Forest, Illinois",6/30/81,277135,1927
HAL,Halliburton,reports,Energy,Oil & Gas Equipment & Services,"Houston, Texas",3/4/57,45012,1919
HBI,Hanesbrands,reports,Consumer Discretionary,"Apparel, Accessories & Luxury Goods","Winston-Salem, North Carolina",3/20/15,1359841,2000
HIG,The Hartford,reports,Financials,Property & Casualty Insurance,"Hartford, Connecticut",3/4/57,874766,1810
HAS,Hasbro,reports,Consumer Discretionary,Leisure Products,"Pawtucket, Rhode Island",9/30/84,46080,1923
HCA,HCA Healthcare,reports,Health Care,Health Care Facilities,"Nashville, Tennessee",1/27/15,860730,1968
PEAK,Healthpeak Properties,reports,Real Estate,Health Care REITs,"Long Beach, California",3/31/08,765880,1985
HSIC,Henry Schein,reports,Health Care,Health Care Distributors,"Melville, New York",3/17/15,1000228,1932
HSY,The Hershey Company,reports,Consumer Staples,Packaged Foods & Meats,"Hershey, Pennsylvania",3/4/57,47111,1894
HES,Hess Corporation,reports,Energy,Integrated Oil & Gas,"New York City, New York",5/31/84,4447,1919
HPE,Hewlett Packard Enterprise,reports,Information Technology,"Technology Hardware, Storage & Peripherals","Houston, Texas",11/2/15,1645590,2015
HLT,Hilton Worldwide,reports,Consumer Discretionary,"Hotels, Resorts & Cruise Lines","Tysons Corner, Virginia",6/19/17,1585689,1919
HOLX,Hologic,reports,Health Care,Health Care Equipment,"Marlborough, Massachusetts",3/30/16,859737,1985
HD,Home Depot,reports,Consumer Discretionary,Home Improvement Retail,"Atlanta, Georgia",3/31/88,354950,1978
HON,Honeywell,reports,Industrials,Industrial Conglomerates,"Charlotte, North Carolina",3/31/64,773840,1906
HRL,Hormel,reports,Consumer Staples,Packaged Foods & Meats,"Austin, Minnesota",3/4/09,48465,1891
HST,Host Hotels & Resorts,reports,Real Estate,Hotel & Resort REITs,"Bethesda, Maryland",3/20/07,1070750,1993
HWM,Howmet Aerospace,reports,Industrials,Aerospace & Defense,"Pittsburgh, Pennsylvania",3/31/64,4281,2016
HPQ,HP,reports,Information Technology,"Technology Hardware, Storage & Peripherals","Palo Alto, California",12/31/74,47217,1939 (2015)
HUM,Humana,reports,Health Care,Managed Health Care,"Louisville, Kentucky",,49071,1961
HBAN,Huntington Bancshares,reports,Financials,Regional Banks,"Columbus, Ohio; Detroit, Michigan",,49196,1866
HII,Huntington Ingalls Industries,reports,Industrials,Aerospace & Defense,"Newport News, Virginia",1/3/18,1501585,2011
IEX,IDEX Corporation,reports,Industrials,Industrial Machinery,"Lake Forest, Illinois",8/9/19,832101,1988
IDXX,Idexx Laboratories,reports,Health Care,Health Care Equipment,"Westbrook, Maine",1/5/17,874716,1983
INFO,IHS Markit,reports,Industrials,Research & Consulting Services,"London, England",6/2/17,1598014,1959
ITW,Illinois Tool Works,reports,Industrials,Industrial Machinery,"Glenview, Illinois",2/28/86,49826,1912
ILMN,Illumina,reports,Health Care,Life Sciences Tools & Services,"San Diego, California",11/19/15,1110803,1998
INCY,Incyte,reports,Health Care,Biotechnology,"Wilmington, Delaware",2/28/17,879169,1991
IR,Ingersoll Rand,reports,Industrials,Industrial Machinery,"Milwaukee, Wisconsin",3/3/20,1699150,1859
INTC,Intel,reports,Information Technology,Semiconductors,"Santa Clara, California",12/31/76,50863,1968
ICE,Intercontinental Exchange,reports,Financials,Financial Exchanges & Data,"Atlanta, Georgia",9/26/07,1571949,2000
IBM,IBM,reports,Information Technology,IT Consulting & Other Services,"Armonk, New York",3/4/57,51143,1911
IP,International Paper,reports,Materials,Paper Packaging,"Memphis, Tennessee",3/4/57,51434,1898
IPG,Interpublic Group,reports,Communication Services,Advertising,"New York City, New York",10/1/92,51644,1961 (1930)
IFF,International Flavors & Fragrances,reports,Materials,Specialty Chemicals,"New York City, New York",3/31/76,51253,1958 (1889)
INTU,Intuit,reports,Information Technology,Application Software,"Mountain View, California",12/5/00,896878,1983
ISRG,Intuitive Surgical,reports,Health Care,Health Care Equipment,"Sunnyvale, California",6/2/08,1035267,1995
IVZ,Invesco,reports,Financials,Asset Management & Custody Banks,"Atlanta, Georgia",8/21/08,914208,1935
IPGP,IPG Photonics,reports,Information Technology,Electronic Manufacturing Services,"Oxford, Massachusetts",3/7/18,1111928,1990
IQV,IQVIA,reports,Health Care,Life Sciences Tools & Services,"Durham, North Carolina",8/29/17,1478242,1982
IRM,Iron Mountain,reports,Real Estate,Specialized REITs,"Boston, Massachusetts",1/6/09,1020569,1951
JKHY,Jack Henry & Associates,reports,Information Technology,Data Processing & Outsourced Services,"Monett, Missouri",11/13/18,779152,1976
J,Jacobs Engineering Group,reports,Industrials,Construction & Engineering,"Dallas, Texas",10/26/07,52988,1947
JBHT,J. B. Hunt,reports,Industrials,Trucking,"Lowell, Arkansas",7/1/15,728535,1961
SJM,JM Smucker,reports,Consumer Staples,Packaged Foods & Meats,"Orrville, Ohio",11/6/08,91419,1897
JNJ,Johnson & Johnson,reports,Health Care,Pharmaceuticals,"New Brunswick, New Jersey",6/30/73,200406,1886
JCI,Johnson Controls,reports,Industrials,Building Products,"Cork, Ireland",8/27/10,833444,1885
JPM,JPMorgan Chase,reports,Financials,Diversified Banks,"New York City, New York",6/30/75,19617,2000 (1799 / 1871)
JNPR,Juniper Networks,reports,Information Technology,Communications Equipment,"Sunnyvale, California",6/2/06,1043604,1996
KSU,Kansas City Southern,reports,Industrials,Railroads,"Kansas City, Missouri",5/24/13,54480,1887
K,Kellogg's,reports,Consumer Staples,Packaged Foods & Meats,"Battle Creek, Michigan",9/11/89,55067,1906
KEY,KeyCorp,reports,Financials,Regional Banks,"Cleveland, Ohio",3/1/94,91576,1825
KEYS,Keysight Technologies,reports,Information Technology,Electronic Equipment & Instruments,"Santa Rosa, California",11/6/18,1601046,2014
KMB,Kimberly-Clark,reports,Consumer Staples,Household Products,"Irving, Texas",3/4/57,55785,1872
KIM,Kimco Realty,reports,Real Estate,Retail REITs,"New Hyde Park, New York",4/4/06,879101,1958
KMI,Kinder Morgan,reports,Energy,Oil & Gas Storage & Transportation,"Houston, Texas",5/25/12,1506307,1997
KLAC,KLA Corporation,reports,Information Technology,Semiconductor Equipment,"Milpitas, California",,319201,1975/1977 (1997)
KHC,Kraft Heinz,reports,Consumer Staples,Packaged Foods & Meats,"Chicago, Illinois; Pittsburgh, Pennsylvania",7/6/15,1637459,2015 (1869)
KR,Kroger,reports,Consumer Staples,Food Retail,"Cincinnati, Ohio",3/4/57,56873,1883
LHX,L3Harris Technologies,reports,Industrials,Aerospace & Defense,"Melbourne, Florida",9/22/08,202058,2019 (1895)
LH,LabCorp,reports,Health Care,Health Care Services,"Burlington, North Carolina",11/1/04,920148,1978
LRCX,Lam Research,reports,Information Technology,Semiconductor Equipment,"Fremont, California",6/29/12,707549,1980
LW,Lamb Weston,reports,Consumer Staples,Packaged Foods & Meats,"Eagle, Idaho",12/3/18,1679273,2016 (1950)
LVS,Las Vegas Sands,reports,Consumer Discretionary,Casinos & Gaming,"Las Vegas, Nevada",10/3/19,1300514,1988
LEG,Leggett & Platt,reports,Consumer Discretionary,Home Furnishings,"Carthage, Missouri",10/14/99,58492,1883
LDOS,Leidos,reports,Industrials,Diversified Support Services,"Reston, Virginia",8/9/19,1336920,1969
LEN,Lennar,reports,Consumer Discretionary,Homebuilding,"Miami, Florida",10/4/05,920760,1954
LLY,Eli Lilly,reports,Health Care,Pharmaceuticals,"Indianapolis, Indiana",12/31/70,59478,1876
LNC,Lincoln National,reports,Financials,Multi-line Insurance,"Radnor, Pennsylvania",6/30/76,59558,1905
LIN,Linde,reports,Materials,Industrial Gases,"Guildford, England",7/1/92,1707925,1879
LYV,Live Nation Entertainment,reports,Communication Services,Movies & Entertainment,"Beverly Hills, California",12/23/19,1335258,2010
LKQ,LKQ Corporation,reports,Consumer Discretionary,Distributors,"Chicago, Illinois",5/23/16,1065696,1998
LMT,Lockheed Martin,reports,Industrials,Aerospace & Defense,"Bethesda, Maryland",7/31/84,936468,1995
L,Loews Corporation,reports,Financials,Multi-line Insurance,"New York City, New York",,60086,1959
LOW,Lowe's,reports,Consumer Discretionary,Home Improvement Retail,"Mooresville, North Carolina",2/29/84,60667,1904/1946/1959
LUMN,Lumen Technologies,reports,Communication Services,Alternative Carriers,"Monroe, Louisiana",3/25/99,18926,1983 (1877)
LYB,LyondellBasell,reports,Materials,Specialty Chemicals,"Rotterdam, Netherlands",9/5/12,1489393,2007
MTB,M&T Bank,reports,Financials,Regional Banks,"Buffalo, New York",2/23/04,36270,1856
MRO,Marathon Oil,reports,Energy,Oil & Gas Exploration & Production,"Houston, Texas",5/1/91,101778,1887
MPC,Marathon Petroleum,reports,Energy,Oil & Gas Refining & Marketing,"Findlay, Ohio",7/1/11,1510295,2009 (1887)
MKTX,MarketAxess,reports,Financials,Financial Exchanges & Data,"New York City, New York",7/1/19,1278021,2000
MAR,Marriott International,reports,Consumer Discretionary,"Hotels, Resorts & Cruise Lines","Bethesda, Maryland",,1048286,1927
MMC,Marsh & McLennan,reports,Financials,Insurance Brokers,"New York City, New York",8/31/87,62709,1905
MLM,Martin Marietta Materials,reports,Materials,Construction Materials,"Raleigh, North Carolina",7/2/14,916076,1993
MAS,Masco,reports,Industrials,Building Products,"Livonia, Michigan",6/30/81,62996,1929
MA,Mastercard,reports,Information Technology,Data Processing & Outsourced Services,"Harrison, New York",7/18/08,1141391,1966
MTCH,Match Group,reports,Communication Services,Interactive Media & Services,"Dallas, Texas",9/20/21,891103,1986
MKC,McCormick & Company,reports,Consumer Staples,Packaged Foods & Meats,"Hunt Valley, Maryland",3/20/03,63754,1889
MCD,McDonald's,reports,Consumer Discretionary,Restaurants,"Chicago, Illinois",6/30/70,63908,1940
MCK,McKesson Corporation,reports,Health Care,Health Care Distributors,"Irving, Texas",,927653,1833
MDT,Medtronic,reports,Health Care,Health Care Equipment,"Dublin, Ireland",10/31/86,1613103,1949
MRK,Merck,reports,Health Care,Pharmaceuticals,"Kenilworth, New Jersey",3/4/57,310158,1891
FB,Meta Platforms,reports,Communication Services,Interactive Media & Services,"Menlo Park, California",12/23/13,1326801,2004
MET,MetLife,reports,Financials,Life & Health Insurance,"New York City, New York",,1099219,1868
MTD,Mettler Toledo,reports,Health Care,Life Sciences Tools & Services,"Columbus, Ohio",9/6/16,1037646,1945
MGM,MGM Resorts International,reports,Consumer Discretionary,Casinos & Gaming,"Paradise, Nevada",7/26/17,789570,1986
MCHP,Microchip Technology,reports,Information Technology,Semiconductors,"Chandler, Arizona",9/7/07,827054,1989
MU,Micron Technology,reports,Information Technology,Semiconductors,"Boise, Idaho",9/27/94,723125,1978
MSFT,Microsoft,reports,Information Technology,Systems Software,"Redmond, Washington",6/1/94,789019,1975
MAA,Mid-America Apartments,reports,Real Estate,Residential REITs,"Memphis, Tennessee",12/2/16,912595,1977
MRNA,Moderna,reports,Health Care,Biotechnology,"Cambridge, Massachusetts",7/21/21,1682852,2010
MHK,Mohawk Industries,reports,Consumer Discretionary,Home Furnishings,"Calhoun, Georgia",12/23/13,851968,1878
TAP,Molson Coors,reports,Consumer Staples,Brewers,"Chicago, Illinois",6/30/76,24545,"2005 (Molson 1786, Coors 1873)"
MDLZ,Mondelez International,reports,Consumer Staples,Packaged Foods & Meats,"Chicago, Illinois",10/2/12,1103982,2012
MPWR,Monolithic Power Systems,reports,Information Technology,Semiconductors,"Kirkland, Washington",2/12/21,1280452,1997
MNST,Monster Beverage,reports,Consumer Staples,Soft Drinks,"Corona, California",6/28/12,865752,2012 (1935)
MCO,Moody's,reports,Financials,Financial Exchanges & Data,"New York City, New York",,1059556,1909
MS,Morgan Stanley,reports,Financials,Investment Banking & Brokerage,"New York City, New York",,895421,1935
MOS,The Mosaic Company,reports,Materials,Fertilizers & Agricultural Chemicals,"Tampa, Florida",9/26/11,1285785,2004 (1865 / 1909)
MSI,Motorola Solutions,reports,Information Technology,Communications Equipment,"Chicago, Illinois",,68505,1928 (2011)
MSCI,MSCI,reports,Financials,Financial Exchanges & Data,"New York City, New York",4/4/18,1408198,1969
NDAQ,Nasdaq,reports,Financials,Financial Exchanges & Data,"New York City, New York",10/22/08,1120193,1971
NTAP,NetApp,reports,Information Technology,"Technology Hardware, Storage & Peripherals","Sunnyvale, California",6/25/99,1002047,1992
NFLX,Netflix,reports,Communication Services,Movies & Entertainment,"Los Gatos, California",12/20/10,1065280,1997
NWL,Newell Brands,reports,Consumer Discretionary,Housewares & Specialties,"Atlanta, Georgia",4/30/89,814453,1903
NEM,Newmont,reports,Materials,Gold,"Denver, Colorado",6/30/69,1164727,1921
NWSA,News Corp (Class A),reports,Communication Services,Publishing,"New York City, New York",8/1/13,1564708,2013 (1980)
NWS,News Corp (Class B),reports,Communication Services,Publishing,"New York City, New York",9/18/15,1564708,2013 (1980)
NEE,NextEra Energy,reports,Utilities,Multi-Utilities,"Juno Beach, Florida",6/30/76,753308,1984 (1925)
NLSN,Nielsen Holdings,reports,Industrials,Research & Consulting Services,"New York City, New York",7/9/13,1492633,1923
NKE,Nike,reports,Consumer Discretionary,"Apparel, Accessories & Luxury Goods","Washington County, Oregon",11/30/88,320187,1964
NI,NiSource,reports,Utilities,Multi-Utilities,"Merrillville, Indiana",,1111711,1912
NSC,Norfolk Southern,reports,Industrials,Railroads,"Norfolk, Virginia",3/4/57,702165,1881/1894 (1980)
NTRS,Northern Trust,reports,Financials,Asset Management & Custody Banks,"Chicago, Illinois",,73124,1889
NOC,Northrop Grumman,reports,Industrials,Aerospace & Defense,"West Falls Church, Virginia",6/30/85,1133421,"1994 (Northrop 1939, Grumman 1930)"
NLOK,NortonLifeLock,reports,Information Technology,Application Software,"Tempe, Arizona",3/25/03,849399,1982
NCLH,Norwegian Cruise Line Holdings,reports,Consumer Discretionary,"Hotels, Resorts & Cruise Lines","Miami, Florida",10/13/17,1513761,2011 (1966)
NRG,NRG Energy,reports,Utilities,Independent Power Producers & Energy Traders,"Houston, Texas",1/29/10,1013871,1992
NUE,Nucor,reports,Materials,Steel,"Charlotte, North Carolina",4/30/85,73309,1940
NVDA,Nvidia,reports,Information Technology,Semiconductors,"Santa Clara, California",11/30/01,1045810,1993
NVR,NVR,reports,Consumer Discretionary,Homebuilding,"Reston, Virginia",9/26/19,906163,1980
NXPI,NXP,reports,Information Technology,Semiconductors,"Eindhoven, Netherlands",3/22/21,1413447,1953
ORLY,O'Reilly Automotive,reports,Consumer Discretionary,Specialty Stores,"Springfield, Missouri",3/27/09,898173,1957
OXY,Occidental Petroleum,reports,Energy,Oil & Gas Exploration & Production,"Houston, Texas",12/31/82,797468,1920
ODFL,Old Dominion Freight Line,reports,Industrials,Trucking,"Thomasville, North Carolina",12/9/19,878927,1934
OMC,Omnicom Group,reports,Communication Services,Advertising,"New York City, New York",,29989,1986
OKE,Oneok,reports,Energy,Oil & Gas Storage & Transportation,"Tulsa, Oklahoma",3/15/10,1039684,1906
ORCL,Oracle,reports,Information Technology,Application Software,"Austin, Texas",8/31/89,1341439,1977
OGN,Organon & Co.,reports,Health Care,Pharmaceuticals,"Jersey City, New Jersey",6/3/21,1821825,2021
OTIS,Otis Worldwide,reports,Industrials,Industrial Machinery,"Farmington, Connecticut",4/3/20,1781335,2020 (1853)
PCAR,Paccar,reports,Industrials,Construction Machinery & Heavy Trucks,"Bellevue, Washington",12/31/80,75362,1905
PKG,Packaging Corporation of America,reports,Materials,Paper Packaging,"Lake Forest, Illinois",7/26/17,75677,1959
PH,Parker-Hannifin,reports,Industrials,Industrial Machinery,"Cleveland, Ohio",11/30/85,76334,1917
PAYX,Paychex,reports,Information Technology,Data Processing & Outsourced Services,"Penfield, New York",,723531,1971
PAYC,Paycom,reports,Information Technology,Application Software,"Oklahoma City, Oklahoma",1/28/20,1590955,1998
PYPL,PayPal,reports,Information Technology,Data Processing & Outsourced Services,"San Jose, California",7/20/15,1633917,1998
PENN,Penn National Gaming,reports,Consumer Discretionary,Casinos & Gaming,"Wyomissing, Pennsylvania",3/22/21,921738,1972
PNR,Pentair,reports,Industrials,Industrial Machinery,"Worsley, England",10/1/12,77360,1966
PBCT,People's United Financial,reports,Financials,Thrifts & Mortgage Finance,"Bridgeport, Connecticut",11/13/08,1378946,1842
PEP,PepsiCo,reports,Consumer Staples,Soft Drinks,"Purchase, New York",3/4/57,77476,1898
PKI,PerkinElmer,reports,Health Care,Health Care Equipment,"Waltham, Massachusetts",5/31/85,31791,1937
PFE,Pfizer,reports,Health Care,Pharmaceuticals,"New York City, New York",3/4/57,78003,1849
PM,Philip Morris International,reports,Consumer Staples,Tobacco,"New York City, New York",3/31/08,1413329,2008 (1847)
PSX,Phillips 66,reports,Energy,Oil & Gas Refining & Marketing,"Houston, Texas",5/1/12,1534701,2012 (1917)
PNW,Pinnacle West Capital,reports,Utilities,Multi-Utilities,"Phoenix, Arizona",,764622,1985
PXD,Pioneer Natural Resources,reports,Energy,Oil & Gas Exploration & Production,"Irving, Texas",9/24/08,1038357,1997
PNC,PNC Financial Services,reports,Financials,Regional Banks,"Pittsburgh, Pennsylvania",4/30/88,713676,1845
POOL,Pool Corporation,reports,Consumer Discretionary,Distributors,"Covington, Louisiana",10/7/20,945841,1993
PPG,PPG Industries,reports,Materials,Specialty Chemicals,"Pittsburgh, Pennsylvania",3/4/57,79879,1883
PPL,PPL,reports,Utilities,Electric Utilities,"Allentown, Pennsylvania",,922224,1920
PFG,Principal Financial Group,reports,Financials,Life & Health Insurance,"Des Moines, Iowa",7/22/02,1126328,1879
PG,Procter & Gamble,reports,Consumer Staples,Personal Products,"Cincinnati, Ohio",3/4/57,80424,1837
PGR,Progressive Corporation,reports,Financials,Property & Casualty Insurance,"Mayfield Village, Ohio",8/4/97,80661,1937
PLD,Prologis,reports,Real Estate,Industrial REITs,"San Francisco, California",7/17/03,1045609,1983
PRU,Prudential Financial,reports,Financials,Life & Health Insurance,"Newark, New Jersey",7/22/02,1137774,1875
PTC,PTC,reports,Information Technology,Application Software,"Boston, Massachusetts",4/20/21,857005,1985
PEG,Public Service Enterprise Group,reports,Utilities,Electric Utilities,"Newark, New Jersey",3/4/57,788784,1903
PSA,Public Storage,reports,Real Estate,Specialized REITs,"Glendale, California",8/19/05,1393311,1972
PHM,PulteGroup,reports,Consumer Discretionary,Homebuilding,"Atlanta, Georgia",4/30/84,822416,1956
PVH,PVH,reports,Consumer Discretionary,"Apparel, Accessories & Luxury Goods","New York City, New York",2/15/13,78239,1881
QRVO,Qorvo,reports,Information Technology,Semiconductors,"Greensboro, North Carolina",6/11/15,1604778,2015
PWR,Quanta Services,reports,Industrials,Construction & Engineering,"Houston, Texas",7/1/09,1050915,1997
QCOM,Qualcomm,reports,Information Technology,Semiconductors,"San Diego, California",,804328,1985
DGX,Quest Diagnostics,reports,Health Care,Health Care Services,"Secaucus, New Jersey",12/12/02,1022079,1967
RL,Ralph Lauren Corporation,reports,Consumer Discretionary,"Apparel, Accessories & Luxury Goods","New York City, New York",2/2/07,1037038,1967
RJF,Raymond James Financial,reports,Financials,Investment Banking & Brokerage,"St. Petersburg, Florida",3/20/17,720005,1962
RTX,Raytheon Technologies,reports,Industrials,Aerospace & Defense,"Waltham, Massachusetts",,101829,1922
O,Realty Income Corporation,reports,Real Estate,Retail REITs,"San Diego, California",4/7/15,726728,1969
REG,Regency Centers,reports,Real Estate,Retail REITs,"Jacksonville, Florida",3/2/17,910606,1963
REGN,Regeneron Pharmaceuticals,reports,Health Care,Biotechnology,"Tarrytown, New York",5/1/13,872589,1988
RF,Regions Financial Corporation,reports,Financials,Regional Banks,"Birmingham, Alabama",8/28/98,1281761,1971
RSG,Republic Services,reports,Industrials,Environmental & Facilities Services,"Phoenix, Arizona",12/5/08,1060391,1998 (1981)
RMD,ResMed,reports,Health Care,Health Care Equipment,"San Diego, California",7/26/17,943819,1989
RHI,Robert Half International,reports,Industrials,Human Resource & Employment Services,"Menlo Park, California",12/5/00,315213,1948
ROK,Rockwell Automation,reports,Industrials,Electrical Components & Equipment,"Milwaukee, Wisconsin",,1024478,1903
ROL,Rollins,reports,Industrials,Environmental & Facilities Services,"Atlanta, Georgia",10/1/18,84839,1948
ROP,Roper Technologies,reports,Industrials,Industrial Conglomerates,"Sarasota, Florida",12/23/09,882835,1981
ROST,Ross Stores,reports,Consumer Discretionary,Apparel Retail,"Dublin, California",12/21/09,745732,1982
RCL,Royal Caribbean Group,reports,Consumer Discretionary,"Hotels, Resorts & Cruise Lines","Miami, Florida",12/5/14,884887,1997
SPGI,S&P Global,reports,Financials,Financial Exchanges & Data,"New York City, New York",,64040,1917
CRM,Salesforce,reports,Information Technology,Application Software,"San Francisco, California",9/15/08,1108524,1999
SBAC,SBA Communications,reports,Real Estate,Specialized REITs,"Boca Raton, Florida",9/1/17,1034054,1989
SLB,Schlumberger,reports,Energy,Oil & Gas Equipment & Services,"Curaçao, Kingdom of the Netherlands",3/31/65,87347,1926
STX,Seagate Technology,reports,Information Technology,"Technology Hardware, Storage & Peripherals","Dublin, Ireland",7/2/12,1137789,1979
SEE,Sealed Air,reports,Materials,Paper Packaging,"Charlotte, North Carolina",3/4/57,1012100,1960
SRE,Sempra Energy,reports,Utilities,Multi-Utilities,"San Diego, California",,1032208,1998
NOW,ServiceNow,reports,Information Technology,Systems Software,"Santa Clara, California",11/21/19,1373715,2003
SHW,Sherwin-Williams,reports,Materials,Specialty Chemicals,"Cleveland, Ohio",6/30/64,89800,1866
SPG,Simon Property Group,reports,Real Estate,Retail REITs,"Indianapolis, Indiana",6/26/02,1063761,2003
SWKS,Skyworks Solutions,reports,Information Technology,Semiconductors,"Woburn, Massachusetts",3/12/15,4127,2002
SNA,Snap-on,reports,Industrials,Industrial Machinery,"Kenosha, Wisconsin",9/30/82,91440,1920
SO,Southern Company,reports,Utilities,Electric Utilities,"Atlanta, Georgia",3/4/57,92122,1945
LUV,Southwest Airlines,reports,Industrials,Airlines,"Dallas, Texas",7/1/94,92380,1967
SWK,Stanley Black & Decker,reports,Industrials,Industrial Machinery,"New Britain, Connecticut",9/30/82,93556,1843
SBUX,Starbucks,reports,Consumer Discretionary,Restaurants,"Seattle, Washington",,829224,1971
STT,State Street Corporation,reports,Financials,Asset Management & Custody Banks,"Boston, Massachusetts",,93751,1792
STE,Steris,reports,Health Care,Health Care Equipment,"Dublin, Ireland",12/23/19,1757898,1985
SYK,Stryker Corporation,reports,Health Care,Health Care Equipment,"Kalamazoo, Michigan",12/12/00,310764,1941
SIVB,SVB Financial,reports,Financials,Regional Banks,"Santa Clara, California",3/19/18,719739,1983
SYF,Synchrony Financial,reports,Financials,Consumer Finance,"Stamford, Connecticut",11/18/15,1601712,2003
SNPS,Synopsys,reports,Information Technology,Application Software,"Mountain View, California",3/16/17,883241,1986
SYY,Sysco,reports,Consumer Staples,Food Distributors,"Houston, Texas",12/31/86,96021,1969
TMUS,T-Mobile US,reports,Communication Services,Wireless Telecommunication Services,"Bellevue, Washington",7/15/19,1283699,1994
TROW,T. Rowe Price,reports,Financials,Asset Management & Custody Banks,"Baltimore, Maryland",,1113169,1937
TTWO,Take-Two Interactive,reports,Communication Services,Interactive Home Entertainment,"New York City, New York",3/19/18,946581,1993
TPR,Tapestry,reports,Consumer Discretionary,"Apparel, Accessories & Luxury Goods","New York City, New York",,1116132,2017
TGT,Target,reports,Consumer Discretionary,General Merchandise Stores,"Minneapolis, Minnesota",12/31/76,27419,1902
TEL,TE Connectivity,reports,Information Technology,Electronic Manufacturing Services,"Schaffhausen, Switzerland",10/17/11,1385157,2007
TDY,Teledyne Technologies,reports,Industrials,Aerospace & Defense,"Thousand Oaks, California",6/22/20,1094285,1960
TFX,Teleflex,reports,Health Care,Health Care Equipment,"Wayne, Pennsylvania",1/18/19,96943,1943
TER,Teradyne,reports,Information Technology,Semiconductor Equipment,"North Reading, Massachusetts",9/21/20,97210,1960
TSLA,Tesla,reports,Consumer Discretionary,Automobile Manufacturers,"Palo Alto, California",12/21/20,1318605,2003
TXN,Texas Instruments,reports,Information Technology,Semiconductors,"Dallas, Texas",,97476,1930
TXT,Textron,reports,Industrials,Aerospace & Defense,"Providence, Rhode Island",12/31/78,217346,1923
TMO,Thermo Fisher Scientific,reports,Health Care,Life Sciences Tools & Services,"Waltham, Massachusetts",8/3/04,97745,2006 (1902)
TJX,TJX Companies,reports,Consumer Discretionary,Apparel Retail,"Framingham, Massachusetts",9/30/85,109198,1987
TSCO,Tractor Supply Company,reports,Consumer Discretionary,Specialty Stores,"Brentwood, Tennessee",1/24/14,916365,1938
TT,Trane Technologies,reports,Industrials,Building Products,"Dublin, Ireland",11/17/10,1466258,1871
TDG,TransDigm Group,reports,Industrials,Aerospace & Defense,"Cleveland, Ohio",6/3/16,1260221,1993
TRV,The Travelers Companies,reports,Financials,Property & Casualty Insurance,"New York City, New York",8/21/02,86312,1853
TRMB,Trimble,reports,Information Technology,Electronic Equipment & Instruments,"Sunnyvale, California",1/21/21,864749,1978
TFC,Truist Financial,reports,Financials,Regional Banks,"Charlotte, North Carolina",12/4/97,92230,1872
TWTR,Twitter,reports,Communication Services,Interactive Media & Services,"San Francisco, California",6/7/18,1418091,2006
TYL,Tyler Technologies,reports,Information Technology,Application Software,"Plano, Texas",6/22/20,860731,1966
TSN,Tyson Foods,reports,Consumer Staples,Packaged Foods & Meats,"Springdale, Arkansas",8/10/05,100493,1935
UDR,UDR,reports,Real Estate,Residential REITs,"Highlands Ranch, Colorado",3/7/16,74208,1972
ULTA,Ulta Beauty,reports,Consumer Discretionary,Specialty Stores,"Bolingbrook, Illinois",4/18/16,1403568,1990
USB,U.S. Bancorp,reports,Financials,Diversified Banks,"Minneapolis, Minnesota",,36104,1968
UAA,Under Armour (Class A),reports,Consumer Discretionary,"Apparel, Accessories & Luxury Goods","Baltimore, Maryland",5/1/14,1336917,1996
UA,Under Armour (Class C),reports,Consumer Discretionary,"Apparel, Accessories & Luxury Goods","Baltimore, Maryland",4/8/16,1336917,1996
UNP,Union Pacific,reports,Industrials,Railroads,"Omaha, Nebraska",3/4/57,100885,1862
UAL,United Airlines,reports,Industrials,Airlines,"Chicago, Illinois",9/3/15,100517,1967
UNH,UnitedHealth Group,reports,Health Care,Managed Health Care,"Minnetonka, Minnesota",7/1/94,731766,1977
UPS,United Parcel Service,reports,Industrials,Air Freight & Logistics,"Sandy Springs, Georgia",7/22/02,1090727,1907
URI,United Rentals,reports,Industrials,Trading Companies & Distributors,"Stamford, Connecticut",9/20/14,1067701,1997
UHS,Universal Health Services,reports,Health Care,Health Care Facilities,"King of Prussia, Pennsylvania",9/20/14,352915,1979
VLO,Valero Energy,reports,Energy,Oil & Gas Refining & Marketing,"San Antonio, Texas",,1035002,1980
VTR,Ventas,reports,Real Estate,Health Care REITs,"Chicago, Illinois",3/4/09,740260,1998
VRSN,Verisign,reports,Information Technology,Internet Services & Infrastructure,"Dulles, Virginia",2/1/06,1014473,1995
VRSK,Verisk Analytics,reports,Industrials,Research & Consulting Services,"Jersey City, New Jersey",10/8/15,1442145,1971
VZ,Verizon Communications,reports,Communication Services,Integrated Telecommunication Services,"New York City, New York",11/30/83,732712,1983 (1877)
VRTX,Vertex Pharmaceuticals,reports,Health Care,Biotechnology,"Cambridge, Massachusetts",9/23/13,875320,1989
VFC,VF Corporation,reports,Consumer Discretionary,"Apparel, Accessories & Luxury Goods","Denver, Colorado",6/30/79,103379,1899
VIAC,ViacomCBS,reports,Communication Services,Movies & Entertainment,"New York City, New York",,813828,2019 (1952)
VTRS,Viatris,reports,Health Care,Pharmaceuticals,"Pittsburgh, Pennsylvania",4/23/04,1792044,1961
V,Visa,reports,Information Technology,Data Processing & Outsourced Services,"San Francisco, California",12/21/09,1403161,1958
VNO,Vornado Realty Trust,reports,Real Estate,Office REITs,"New York City, New York",,899689,1982
VMC,Vulcan Materials,reports,Materials,Construction Materials,"Birmingham, Alabama",6/30/99,1396009,1909
WRB,W. R. Berkley Corporation,reports,Financials,Property & Casualty Insurance,"Greenwich, Connecticut",12/5/19,11544,1967
WAB,Wabtec,reports,Industrials,Construction Machinery & Heavy Trucks,"Pittsburgh, Pennsylvania",2/27/19,943452,1999 (1869)
WMT,Walmart,reports,Consumer Staples,Hypermarkets & Super Centers,"Bentonville, Arkansas",8/31/82,104169,1962
WBA,Walgreens Boots Alliance,reports,Consumer Staples,Drug Retail,"Deerfield, Illinois",12/31/79,1618921,2014
DIS,The Walt Disney Company,reports,Communication Services,Movies & Entertainment,"Burbank, California",6/30/76,1744489,1923
WM,Waste Management,reports,Industrials,Environmental & Facilities Services,"Houston, Texas",,823768,1968
WAT,Waters Corporation,reports,Health Care,Health Care Distributors,"Milford, Massachusetts",,1000697,1958
WEC,WEC Energy Group,reports,Utilities,Electric Utilities,"Milwaukee, Wisconsin",10/31/08,783325,1896
WFC,Wells Fargo,reports,Financials,Diversified Banks,"San Francisco, California",6/30/76,72971,1852
WELL,Welltower,reports,Real Estate,Health Care REITs,"Toledo, Ohio",1/30/09,766704,1970
WST,West Pharmaceutical Services,reports,Health Care,Health Care Supplies,"Exton, Pennsylvania",5/22/20,105770,1923
WDC,Western Digital,reports,Information Technology,"Technology Hardware, Storage & Peripherals","San Jose, California",7/1/09,106040,1970
WU,Western Union,reports,Information Technology,Data Processing & Outsourced Services,"Englewood, Colorado",9/29/06,1365135,1851
WRK,WestRock,reports,Materials,Paper Packaging,"Atlanta, Georgia",,1732845,2015
WY,Weyerhaeuser,reports,Real Estate,Specialized REITs,"Seattle, Washington",,106535,1900
WHR,Whirlpool Corporation,reports,Consumer Discretionary,Household Appliances,"Benton Harbor, Michigan",,106640,1911
WMB,Williams Companies,reports,Energy,Oil & Gas Storage & Transportation,"Tulsa, Oklahoma",3/31/75,107263,1908
WLTW,Willis Towers Watson,reports,Financials,Insurance Brokers,"London, England",1/5/16,1140536,2016
WYNN,Wynn Resorts,reports,Consumer Discretionary,Casinos & Gaming,"Paradise, Nevada",11/14/08,1174922,2002
XEL,Xcel Energy,reports,Utilities,Multi-Utilities,"Minneapolis, Minnesota",3/4/57,72903,1909
XLNX,Xilinx,reports,Information Technology,Semiconductors,"San Jose, California",11/8/99,743988,1984
XYL,Xylem,reports,Industrials,Industrial Machinery,"White Plains, New York",11/1/11,1524472,2011
YUM,Yum! Brands,reports,Consumer Discretionary,Restaurants,"Louisville, Kentucky",10/6/97,1041061,1997
ZBRA,Zebra Technologies,reports,Information Technology,Electronic Equipment & Instruments,"Lincolnshire, Illinois",12/23/19,877212,1969
ZBH,Zimmer Biomet,reports,Health Care,Health Care Equipment,"Warsaw, Indiana",8/7/01,1136869,1927
ZION,Zions Bancorp,reports,Financials,Regional Banks,"Salt Lake City, Utah",6/22/01,109380,1873
ZTS,Zoetis,reports,Health Care,Pharmaceuticals,"Parsippany, New Jersey",6/21/13,1555280,1952